Date,Open,High,Low,Close,Adj_Close,Volume,FilterYear,Year
2/1/62,6.978967,7.151052,6.781389,6.845124,1.514507,6087720,1,1962
3/1/62,6.870618,7.087317,6.759082,6.79095,1.502726,5687625,0,1962
4/1/62,6.787763,6.787763,5.736138,5.787126,1.280596,13516935,0,1962
5/1/62,5.787126,6.24283,4.525175,5.003187,1.107123,51659325,0,1962
6/1/62,4.984066,4.984066,3.824092,4.32441,0.957072,71679765,0,1962
7/1/62,4.32441,5.015934,4.31485,4.933078,1.091782,43014135,0,1962
8/1/62,4.920331,5.286807,4.722753,5.050988,1.117877,43351470,0,1962
9/1/62,5.050988,5.117909,4.44232,4.506055,0.997471,34800420,0,1962
10/1/62,4.506055,4.738687,4.104525,4.410453,0.976307,45014610,0,1962
11/1/62,4.410453,5.121096,4.359465,5.079669,1.124447,38424810,0,1962
12/1/62,5.028681,5.175271,4.86297,4.971319,1.100693,22978005,0,1962
1/1/63,4.971319,5.41109,4.898024,5.40153,1.195945,29920830,0,1963
2/1/63,5.40153,5.41587,5.086042,5.095602,1.128211,13854270,1,1963
3/1/63,5.095602,5.395156,5.063735,5.366475,1.188468,12771660,0,1963
4/1/63,5.366475,6.048438,5.321861,5.911409,1.309149,19118265,0,1963
5/1/63,5.911409,6.099426,5.83174,6.083493,1.347259,11987160,0,1963
6/1/63,6.083493,6.102613,5.506692,5.560867,1.231786,13516935,0,1963
7/1/63,5.560867,5.710644,5.42065,5.53856,1.226845,17596335,0,1963
8/1/63,5.53856,5.857234,5.481198,5.669216,1.255786,14591700,0,1963
9/1/63,5.677183,5.97833,5.677183,5.761632,1.276548,19008435,0,1963
10/1/63,5.761632,6.395793,5.717017,6.297004,1.395166,25629615,0,1963
11/1/63,6.297004,6.319312,5.876354,6.185468,1.370455,13140375,0,1963
12/1/63,6.220523,6.494583,6.035692,6.462715,1.432248,13697370,0,1963
1/1/64,6.500956,7.227533,6.469089,6.908859,1.531122,23401635,0,1964
2/1/64,6.908859,7.34863,6.806883,7.253027,1.607395,11900865,1,1964
3/1/64,7.253027,7.578075,7.087317,7.574888,1.679111,12340185,0,1964
4/1/64,7.584449,7.667304,7.268961,7.268961,1.611297,13446330,0,1964
5/1/64,7.278521,7.871256,7.278521,7.648184,1.695359,11055174,0,1964
6/1/64,7.648184,7.703952,7.345443,7.600382,1.685193,9049992,0,1964
7/1/64,7.628266,7.839388,7.329509,7.361377,1.632198,9734076,0,1964
8/1/64,7.361377,7.361377,6.779796,7.018802,1.556241,12112680,0,1964
9/1/64,7.018802,7.106437,6.564691,6.955067,1.542529,12382548,0,1964
10/1/64,6.955067,6.955067,6.612492,6.692161,1.484222,7970520,0,1964
11/1/64,6.688177,6.923199,6.572658,6.572658,1.457717,8886816,0,1964
12/1/64,6.556724,6.660293,6.485022,6.524857,1.447546,8792676,0,1964
1/1/65,6.524857,7.170172,6.437221,7.146272,1.585407,11842812,0,1965
2/1/65,7.130338,7.2837,6.771829,7.261791,1.611037,8334528,1,1965
3/1/65,7.261791,7.48088,7.138305,7.23789,1.606274,7568856,0,1965
4/1/65,7.249841,7.727852,7.249841,7.727852,1.71501,6721596,0,1965
5/1/65,7.711918,7.831421,7.329509,7.616316,1.690256,5981028,0,1965
6/1/65,7.584449,7.608349,6.971001,7.297642,1.620038,15175368,0,1965
7/1/65,7.297642,7.63225,7.249841,7.63225,1.694319,8303148,0,1965
8/1/65,7.63225,8.028601,7.556565,7.950924,1.765064,9809388,0,1965
9/1/65,7.950924,8.241714,7.93499,8.166029,1.813385,7619064,0,1965
10/1/65,8.138145,8.49267,8.018642,8.49267,1.885921,7405680,0,1965
11/1/65,8.49267,8.827279,8.3174,8.365201,1.857615,4788588,0,1965
12/1/65,8.365201,8.409018,7.875239,7.950924,1.766117,13537332,0,1965
1/1/66,7.927024,8.181963,7.520714,7.903123,1.755497,13254912,0,1966
2/1/66,7.903123,8.361217,7.775653,8.205864,1.822746,8403564,1,1966
3/1/66,8.205864,8.365201,7.879222,8.221797,1.82683,9583452,0,1966
4/1/66,8.221797,8.954748,8.18993,8.883047,1.973754,7675548,0,1966
5/1/66,8.883047,8.938815,8.221797,8.669933,1.926403,10993460,0,1966
6/1/66,8.520554,8.75956,7.946941,8.377151,1.861905,14392960,0,1966
7/1/66,8.418977,8.640057,8.14412,8.14412,1.810111,6309472,0,1966
8/1/66,8.14412,8.383126,7.319551,7.660134,1.70254,10916056,0,1966
9/1/66,7.660134,8.090344,7.325526,7.588432,1.687145,10506024,0,1966
10/1/66,7.588432,8.003705,6.919216,7.93499,1.764197,12070840,0,1966
11/1/66,7.991754,9.010516,7.991754,8.986616,1.998006,10539496,0,1966
12/1/66,8.986616,9.225621,8.675908,8.879063,1.974723,7296896,0,1966
1/1/67,8.879063,9.703633,8.663958,9.548279,2.123558,11129440,0,1967
2/1/67,9.416826,10.402725,9.333174,10.277247,2.285684,7070960,1,1967
3/1/67,10.336998,11.018164,10.325048,10.779159,2.397968,7376392,0,1967
4/1/67,10.695507,11.926386,10.444551,11.866635,2.639894,8606488,0,1967
5/1/67,11.591778,11.591778,10.946463,11.143642,2.479053,8506072,0,1967
6/1/67,11.143642,12.213193,11.077916,11.890535,2.645795,10062520,0,1967
7/1/67,11.890535,12.177342,11.66348,12.135516,2.700308,6535408,0,1967
8/1/67,12.135516,12.296845,11.597753,11.944312,2.657762,5895256,0,1967
9/1/67,11.944312,13.32457,11.914436,13.103489,2.916325,7384760,0,1967
10/1/67,13.097514,14.352294,12.93021,14.18499,3.157021,6974728,0,1967
11/1/67,14.077438,14.830306,13.563576,14.627151,3.255431,9920264,0,1967
12/1/67,14.627151,15.487572,14.57935,14.98566,3.34153,6807368,0,1967
1/1/68,14.98566,14.991635,14.071463,14.208891,3.168323,10861664,0,1968
2/1/68,14.208891,14.388145,13.587476,13.862333,3.09105,11108520,1,1968
3/1/68,13.862333,14.651052,13.384321,14.639101,3.271393,12464136,0,1968
4/1/68,14.949809,16.192638,14.937859,16.192638,3.618562,11627336,0,1968
5/1/68,16.228489,17.06501,15.41587,17.06501,3.813507,12288408,0,1968
6/1/68,17.638622,17.92543,16.491396,16.909657,3.785861,11144084,0,1968
7/1/68,16.909657,17.447418,15.583174,16.192638,3.625331,9826124,0,1968
8/1/68,16.192638,16.563099,15.774379,16.013384,3.585199,7715296,0,1968
9/1/68,16.013384,16.324093,15.774379,16.013384,3.592108,6497752,0,1968
10/1/68,15.798279,15.917782,14.555449,14.674952,3.29187,18453532,0,1968
11/1/68,14.722753,16.001434,14.698853,15.953633,3.578706,11388848,0,1968
12/1/68,15.953633,16.001434,14.818356,15.057361,3.377655,8914012,0,1968
1/1/69,15.057361,15.069312,14.101338,14.16109,3.1766,15895016,0,1969
2/1/69,14.16109,14.842256,14.017686,14.023662,3.145777,9951644,1,1969
3/1/69,14.023662,15.081262,13.945985,15.00956,3.376032,7957968,0,1969
4/1/69,15.00956,15.786329,14.5913,15.678776,3.526555,8087672,0,1969
5/1/69,15.678776,16.007408,15.212715,15.248566,3.429793,7583500,0,1969
6/1/69,15.248566,16.228489,14.710803,16.144836,3.640333,10413976,0,1969
7/1/69,16.144836,17.423517,14.818356,15.511472,3.497521,18104168,0,1969
8/1/69,15.583174,16.766253,15.559273,16.491396,3.718475,12271672,0,1969
9/1/69,16.491396,17.220364,15.82218,16.503345,3.732671,10836560,0,1969
10/1/69,16.503345,17.447418,16.25239,17.232313,3.897544,12771660,0,1969
11/1/69,17.208412,17.626673,16.455545,17.06501,3.859705,8723640,0,1969
12/1/69,17.136711,17.54302,16.742352,17.423517,3.951756,12098036,0,1969
1/1/70,17.423517,18.499044,15.977533,16.022346,3.633961,15855268,0,1970
2/1/70,16.108988,16.969406,16.001434,16.264339,3.688848,12867892,1,1970
3/1/70,16.264339,16.300192,15.069312,16.180689,3.669875,16723448,0,1970
4/1/70,16.180689,16.276291,13.683078,14.244742,3.230788,19568568,0,1970
5/1/70,14.244742,14.292543,11.328872,13.288719,3.01396,31055740,0,1970
6/1/70,13.288719,13.718929,11.950287,11.950287,2.721354,22302812,0,1970
7/1/70,11.950287,12.547801,11.567878,12.057839,2.745848,19020464,0,1970
8/1/70,12.039914,12.978011,10.456501,12.727055,2.912026,23237936,0,1970
9/1/70,12.679254,14.125239,12.392447,13.945985,3.190924,17926348,0,1970
10/1/70,13.945985,14.806405,13.527725,14.053537,3.215533,13786280,0,1970
11/1/70,14.053537,14.770554,13.790631,14.686902,3.374013,14641908,0,1970
12/1/70,14.686902,15.332218,14.639101,15.188815,3.489319,16589560,0,1970
1/1/71,15.141013,15.666826,14.818356,15.559273,3.574424,14545676,0,1971
2/1/71,15.559273,16.419695,15.535373,16.085087,3.695216,11677544,1,1971
3/1/71,16.085087,17.483271,16.001434,17.088909,3.941328,12838604,0,1971
4/1/71,17.088909,17.399618,16.6826,17.100861,3.944085,17342680,0,1971
5/1/71,16.969406,16.993307,15.535373,15.630975,3.605073,13449468,0,1971
6/1/71,15.654876,15.84608,14.722753,15.152964,3.507791,22139636,0,1971
7/1/71,15.152964,15.260516,13.874283,13.922084,3.222853,23455504,0,1971
8/1/71,13.993786,15.296367,13.539675,14.531549,3.36394,17817564,0,1971
9/1/71,14.531549,14.961759,14.292543,14.519598,3.376467,13413904,0,1971
10/1/71,14.543499,15.069312,14.125239,14.364245,3.34034,15453604,0,1971
11/1/71,14.340344,14.651052,13.778681,14.60325,3.39592,13968284,0,1971
12/1/71,14.651052,16.658701,14.651052,16.085087,3.756783,18238056,0,1971
1/1/72,16.085087,17.782026,15.858031,17.590822,4.108452,19874000,0,1972
2/1/72,17.590822,17.92543,17.423517,17.614723,4.114036,10462092,1,1972
3/1/72,17.662523,18.451242,17.49522,18.27199,4.28303,14187944,0,1972
4/1/72,18.27199,19.108509,18.128586,18.451242,4.325045,11823984,0,1972
5/1/72,18.451242,19.407267,18.009083,19.012905,4.456701,13922260,0,1972
6/1/72,19.072659,19.168261,18.499044,18.73805,4.407975,9761272,0,1972
7/1/72,18.785851,19.383366,18.331739,19.156309,4.506367,11920216,0,1972
8/1/72,19.216061,20.399139,19.216061,19.52677,4.593514,15531008,0,1972
9/1/72,19.52677,19.586519,18.7978,19.431166,4.586161,9782192,0,1972
10/1/72,19.431166,19.496893,17.280115,18.427341,4.349236,20899080,0,1972
11/1/72,18.451242,18.857553,17.734226,18.690248,4.411292,13585448,0,1972
12/1/72,18.690248,19.359465,18.403442,19.216061,4.551521,12892996,0,1972
1/1/73,19.335564,21.438814,19.335564,20.8174,4.930812,19771492,0,1973
2/1/73,20.8174,21.821224,20.00478,20.626196,4.885529,15085412,1,1973
3/1/73,20.626196,21.498566,20.052582,20.626196,4.901201,15687908,0,1973
4/1/73,20.626196,20.853251,19.18021,19.502869,4.634277,14072884,0,1973
5/1/73,19.670172,20.327438,18.236137,18.806765,4.468866,19967721,0,1973
6/1/73,18.76195,19.927103,18.283939,18.941204,4.515724,13777075,0,1973
7/1/73,18.76195,19.32959,17.626673,18.791826,4.480108,16038108,0,1973
8/1/73,18.791826,18.806765,17.761114,17.985182,4.2878,12064981,0,1973
9/1/73,17.955305,17.955305,14.967734,15.41587,3.688671,24951701,0,1973
10/1/73,15.400932,17.626673,14.639101,16.745338,4.006779,22468082,0,1973
11/1/73,16.745338,17.327915,15.714627,15.83413,3.788752,15671591,0,1973
12/1/73,15.819192,15.953633,14.049056,14.743666,3.54216,16538512,0,1973
1/1/74,14.743666,15.027486,13.444073,14.654039,3.520631,16662363,0,1974
2/1/74,14.609226,14.609226,13.444073,14.213372,3.414759,10454981,1,1974
3/1/74,14.213372,15.176864,13.832457,14.086401,3.402651,12925213,0,1974
4/1/74,14.086401,14.489723,13.070626,13.578513,3.279969,12059962,0,1974
5/1/74,13.578513,13.862333,12.525394,12.69718,3.067078,12237364,0,1974
6/1/74,12.69718,13.862333,12.547801,12.712118,3.088014,11527756,0,1974
7/1/74,12.712118,13.376852,11.726219,12.047383,2.926534,17356905,0,1974
8/1/74,12.047383,12.846558,11.248207,11.472275,2.786831,21085687,0,1974
9/1/74,11.472275,11.502151,8.992591,9.500478,2.324076,26824462,0,1974
10/1/74,9.500478,11.771033,9.216659,11.30049,2.76441,31492132,0,1974
11/1/74,11.30049,11.950287,9.963552,10.590942,2.590835,22138381,0,1974
12/1/74,10.486377,10.493846,9.567698,10.038241,2.474579,21400322,0,1974
1/1/75,10.053179,11.4424,9.395913,11.248207,2.772855,36449334,0,1975
2/1/75,11.248207,13.205067,11.188456,12.876434,3.174237,31800075,1,1975
3/1/75,12.90631,13.429135,12.144479,12.34614,3.066526,23673073,0,1975
4/1/75,12.34614,12.988468,11.726219,12.540332,3.114758,26198535,0,1975
5/1/75,12.540332,13.585982,12.308795,12.846558,3.190819,24220338,0,1975
6/1/75,12.966061,13.130378,12.129541,12.48805,3.123837,19838855,0,1975
7/1/75,12.48805,12.592615,11.337835,11.36771,2.843589,24868022,0,1975
8/1/75,11.36771,11.397586,10.516252,11.128705,2.783803,18391191,0,1975
9/1/75,11.128705,11.726219,10.613348,11.248207,2.840418,19480705,0,1975
10/1/75,11.248207,12.891372,10.94945,12.682242,3.202544,32856115,0,1975
11/1/75,12.682242,13.5337,12.607553,13.526231,3.415671,20941756,0,1975
12/1/75,13.526231,13.578513,12.41336,13.399259,3.41157,21007025,0,1975
1/1/76,13.399259,15.520435,13.346977,15.400932,3.921215,38363934,0,1976
2/1/76,15.400932,15.804254,15.042424,15.27396,3.888885,25853773,1,1976
3/1/76,15.27396,15.886413,15.191802,15.654876,4.012495,25524075,0,1976
4/1/76,15.654876,16.32708,15.079768,15.13952,3.880405,29654519,0,1976
5/1/76,15.102175,15.505497,14.654039,15.333712,3.930176,19733416,0,1976
6/1/76,15.326243,16.663181,15.057361,16.536209,4.268265,29299715,0,1976
7/1/76,16.536209,16.752808,16.013384,16.259859,4.196935,26973411,0,1976
8/1/76,16.259859,16.775215,15.998446,16.349485,4.220071,20933390,0,1976
9/1/76,16.349485,17.238289,16.32708,16.812559,4.375165,25662984,0,1976
10/1/76,16.812559,16.924595,15.117113,16.237452,4.225505,35373208,0,1976
11/1/76,16.237452,16.461519,15.385994,16.192638,4.213844,27272988,0,1976
12/1/76,16.192638,16.849903,15.819192,16.67812,4.376926,28834453,0,1976
1/1/77,16.521273,16.760277,15.90135,16.446583,4.316165,33940607,0,1977
2/1/77,16.446583,16.60343,15.893881,16.491396,4.327927,26936592,1,1977
3/1/77,16.498865,17.096378,16.476458,16.521273,4.375654,39602396,0,1977
4/1/77,16.521273,16.685589,15.326243,15.460684,4.09476,38543008,0,1977
5/1/77,15.460684,15.759441,14.609226,14.668977,3.885073,31995883,0,1977
6/1/77,14.698853,16.065666,14.698853,15.774379,4.217951,33870318,0,1977
7/1/77,15.76691,16.461519,15.41587,16.020853,4.283856,28499735,0,1977
8/1/77,16.020853,16.25239,15.76691,16.035791,4.287853,23708217,0,1977
9/1/77,16.035791,16.073135,15.251554,15.595124,4.20903,22869742,0,1977
10/1/77,15.595124,15.684751,15.184333,15.371056,4.148554,27910627,0,1977
11/1/77,15.371056,16.088074,14.878107,15.774379,4.257407,38069378,0,1977
12/1/77,15.774379,16.446583,15.490559,16.342016,4.454151,33480370,0,1977
1/1/78,16.043261,16.312141,15.774379,15.864006,4.323866,40991483,0,1978
2/1/78,15.864006,15.916288,14.952796,15.012548,4.091794,29135700,1,1978
3/1/78,15.012548,15.087237,14.056525,14.071463,3.877717,52223014,0,1978
4/1/78,14.116276,15.893881,14.026649,15.893881,4.379927,63170035,0,1978
5/1/78,15.893881,16.058199,15.41587,15.430808,4.252316,40624965,0,1978
6/1/78,15.430808,16.506334,15.296367,15.371056,4.282701,38914547,0,1978
7/1/78,15.371056,16.820028,15.236616,16.790154,4.678091,41199008,0,1978
8/1/78,16.790154,17.970243,16.67065,17.439951,4.859141,52507525,0,1978
9/1/78,17.447418,18.194311,16.342016,16.551147,4.657279,34456078,0,1978
10/1/78,16.551147,17.537046,15.744503,15.789316,4.44291,47285896,0,1978
11/1/78,15.849068,16.521273,15.296367,16.10301,4.53118,41583939,0,1978
12/1/78,16.170233,18.522945,16.095543,17.835802,5.074064,48114327,0,1978
1/1/79,17.835802,18.896391,17.596798,18.448256,5.248304,50077460,0,1979
2/1/79,18.448256,18.582697,17.753645,17.92543,5.099566,29010182,1,1979
3/1/79,17.92543,19.165272,17.843271,18.851578,5.424524,35334716,0,1979
4/1/79,18.851578,19.239962,18.298878,18.776888,5.403034,36226745,0,1979
5/1/79,18.776888,19.210087,18.059872,18.164436,5.2268,31448617,0,1979
6/1/79,18.254063,18.76195,17.238289,17.537046,5.101148,33091255,0,1979
7/1/79,17.537046,18.343691,16.25239,16.67065,4.849132,36772338,0,1979
8/1/79,16.67065,17.327915,16.312141,16.730402,4.866512,38553470,0,1979
9/1/79,16.700525,17.059034,15.714627,16.192638,4.768049,37127560,0,1979
10/1/79,16.162764,16.610899,14.609226,14.907983,4.389773,48039850,0,1979
11/1/79,14.907983,16.013384,14.609226,15.595124,4.592105,35448104,0,1979
12/1/79,15.565249,16.162764,15.117113,15.385994,4.593478,27754146,0,1979
1/1/80,15.057361,17.208412,14.639101,16.40177,4.89674,51914654,0,1980
2/1/80,16.40177,16.849903,14.818356,15.176864,4.531045,41714062,1,1980
3/1/80,15.176864,15.176864,12.27892,13.32457,4.027793,51901683,0,1980
4/1/80,13.32457,13.384321,12.039914,13.11544,3.964577,58338768,0,1980
5/1/80,13.11544,13.5337,12.428298,13.234943,4.000702,41834141,0,1980
6/1/80,13.234943,14.429971,13.205067,14.041587,4.311804,44183877,0,1980
7/1/80,14.041587,15.804254,13.95196,15.595124,4.788856,43042898,0,1980
8/1/80,15.595124,16.521273,15.296367,15.654876,4.807201,39763901,0,1980
9/1/80,15.654876,16.491396,15.146989,15.326243,4.768785,46226508,0,1980
10/1/80,15.326243,17.088909,15.20674,15.923757,4.9547,58178517,0,1980
11/1/80,15.953633,17.387667,15.83413,16.282267,5.066249,48196331,0,1980
12/1/80,16.25239,16.610899,15.117113,16.222513,5.112797,49275384,0,1980
1/1/81,16.222513,17.088909,15.296367,15.385994,4.849154,46493445,0,1981
2/1/81,15.385994,15.505497,14.400096,15.356119,4.839741,33156945,1,1981
3/1/81,15.356119,15.595124,14.668977,14.907983,4.761998,45034066,0,1981
4/1/81,14.907983,15.146989,14.011711,14.011711,4.475704,67447755,0,1981
5/1/81,14.011711,14.190966,13.175191,14.041587,4.485249,48817659,0,1981
6/1/81,14.280593,14.519598,13.653203,13.832457,4.485094,46948246,0,1981
7/1/81,13.832457,13.832457,13.055688,13.414197,4.349477,34799164,0,1981
8/1/81,13.414197,14.071463,13.145315,13.175191,4.271976,34838912,0,1981
9/1/81,13.175191,13.563576,12.48805,12.936185,4.2572,42054219,0,1981
10/1/81,12.936185,13.444073,11.561902,12.308795,4.050731,54799520,0,1981
11/1/81,12.428298,13.025813,11.920411,13.025813,4.286695,46824817,0,1981
12/1/81,13.025813,13.772706,12.667304,13.593451,4.547286,50008424,0,1981
1/1/82,13.772706,15.475621,13.294694,15.20674,5.086965,77824074,0,1982
2/1/82,15.057361,15.296367,14.280593,14.78848,4.947047,53805402,1,1982
3/1/82,14.848231,14.99761,13.653203,14.280593,4.84353,70888257,0,1982
4/1/82,14.459847,15.804254,14.310468,15.356119,5.208316,64752003,0,1982
5/1/82,15.385994,15.595124,14.639101,14.698853,4.985392,44245383,0,1982
6/1/82,14.728728,14.848231,13.74283,14.489723,4.98023,62544939,0,1982
7/1/82,14.489723,16.40177,14.190966,15.684751,5.390965,81169179,0,1982
8/1/82,15.923757,16.969406,14.848231,16.849903,5.791439,90307876,0,1982
9/1/82,16.790154,18.55282,16.581022,17.537046,6.107655,92468909,0,1982
10/1/82,17.686424,20.255735,17.50717,19.090584,6.648715,94660071,0,1982
11/1/82,19.239962,20.673996,19.000956,20.673996,7.200168,76422850,0,1982
12/1/82,20.853251,23.422562,20.58437,23.004301,8.093393,91153462,0,1982
1/1/83,22.645794,24.079828,22.048279,23.631693,8.314116,87056069,0,1983
2/1/83,23.452438,24.259083,22.436663,23.661568,8.324627,71360212,1,1983
3/1/83,24.079828,25.065727,23.571941,24.318834,8.633209,74034625,0,1983
4/1/83,24.288958,28.202677,24.169455,27.963671,9.927128,76046293,0,1983
5/1/83,27.724665,28.32218,26.230881,26.589388,9.43926,58215759,0,1983
6/1/83,26.589388,29.756214,26.350382,28.74044,10.286767,67892931,0,1983
7/1/83,28.830067,30.353727,28.352055,28.770315,10.297464,68496682,0,1983
8/1/83,28.74044,29.57696,27.54541,28.561186,10.22261,72151405,0,1983
9/1/83,28.591061,30.951242,28.232553,30.323853,10.939213,76070140,0,1983
10/1/83,30.234226,32.086521,29.99522,30.293978,10.928436,104208793,0,1983
11/1/83,30.413481,30.532984,28.053299,28.053299,10.120119,93272655,0,1983
12/1/83,28.142925,29.84584,27.993547,29.158701,10.598322,80013142,0,1983
1/1/84,29.218451,29.875717,26.91802,27.276529,9.914207,120578696,0,1984
2/1/84,27.306404,27.396032,25.454111,26.350382,9.577579,116962047,1,1984
3/1/84,26.230881,27.664913,25.483988,27.216778,9.975348,99818109,0,1984
4/1/84,27.306404,27.396032,25.693117,27.186901,9.964393,94881406,0,1984
5/1/84,27.246655,28.023422,25.244982,25.752869,9.4388,93068897,0,1984
6/1/84,25.752869,26.111378,23.661568,25.274857,9.340346,121849377,0,1984
7/1/84,25.274857,26.499762,24.856598,26.44001,9.770928,75396519,0,1984
8/1/84,26.529636,30.293978,26.499762,29.57696,10.930196,128985607,0,1984
9/1/84,29.397705,30.712236,28.889818,29.696463,11.07482,82767469,0,1984
10/1/84,29.57696,30.532984,28.381931,29.786091,11.108254,93240022,0,1984
11/1/84,30.054972,30.532984,28.561186,29.098948,10.947001,91481069,0,1984
12/1/84,28.979446,29.756214,27.724665,29.427582,11.070625,92919527,0,1984
1/1/85,29.248327,32.893166,28.441683,32.594406,12.261982,136433964,0,1985
2/1/85,32.415154,33.042542,31.25,32.026768,12.048442,96150413,1,1985
3/1/85,32.146271,32.684032,29.666588,30.353727,11.511808,107717498,0,1985
4/1/85,30.353727,31.160374,29.606836,30.234226,11.466488,82017278,0,1985
5/1/85,30.20435,31.847513,29.786091,30.742113,11.659108,104211307,0,1985
6/1/85,30.921368,31.220123,28.053299,29.57696,11.316511,124352246,0,1985
7/1/85,29.57696,31.668261,28.680689,31.39938,12.013783,116112695,0,1985
8/1/85,31.489006,31.72801,29.99522,30.264101,11.579417,71233855,0,1985
9/1/85,30.264101,31.190248,29.218451,29.606836,11.425174,96572577,0,1985
10/1/85,29.636711,31.39938,29.36783,31.040871,11.978563,110449233,0,1985
11/1/85,30.981119,33.640057,30.981119,33.401051,12.889345,113903961,0,1985
12/1/85,33.401051,37.942162,32.893166,37.165394,14.461267,119713863,0,1985
1/1/86,36.986137,37.4044,34.177818,36.20937,14.089257,133437802,0,1986
2/1/86,36.298996,38.479923,35.850861,36.05999,14.031146,132321510,1,1986
3/1/86,35.940487,36.687382,34.536327,36.20937,14.18996,168976697,0,1986
4/1/86,36.298996,38.689053,35.223469,37.344646,14.634872,150130288,0,1986
5/1/86,37.284897,37.643402,33.998566,36.418499,14.271923,138761523,0,1986
6/1/86,36.508125,36.687382,34.446701,35.014339,13.82218,98637382,0,1986
7/1/86,35.014339,35.880737,31.040871,31.668261,12.501288,157453125,0,1986
8/1/86,31.698135,33.938816,30.891491,33.162045,13.09097,119665329,0,1986
9/1/86,33.191921,34.775333,31.817638,32.146271,12.797339,169585888,0,1986
10/1/86,32.235901,32.385277,28.620937,29.547085,11.76261,178273546,0,1986
11/1/86,29.636711,30.562859,28.501434,30.383604,12.095633,115321082,0,1986
12/1/86,30.234226,31.10062,28.680689,28.680689,11.518364,140259814,0,1986
1/1/87,28.919695,31.279877,27.664913,30.77199,12.358243,209974040,0,1987
2/1/87,30.652487,34.476578,30.592733,33.341301,13.390095,151586320,1,1987
3/1/87,33.341301,37.434273,32.893166,35.880737,14.528217,164414882,0,1987
4/1/87,35.611855,38.599426,34.088192,38.270794,15.495951,235555016,0,1987
5/1/87,38.240917,40.063335,37.045891,38.240917,15.483852,158025496,0,1987
6/1/87,38.479923,40.302341,37.284897,38.838432,15.830219,144640880,0,1987
7/1/87,38.928059,40.601097,38.031788,38.479923,15.684101,135813059,0,1987
8/1/87,38.121414,42.035133,37.882408,40.242592,16.402544,197781864,0,1987
9/1/87,40.302341,40.481598,35.492352,36.030113,14.787083,205911376,0,1987
10/1/87,36.149616,37.583652,23.900574,29.278202,12.016034,281521695,0,1987
11/1/87,28.919695,29.84584,26.29063,26.469885,10.863475,145437511,0,1987
12/1/87,26.888145,28.770315,25.095602,27.605164,11.433672,151557870,0,1987
1/1/88,27.963671,29.636711,25.961998,26.858271,11.124318,168808918,0,1988
2/1/88,26.947897,28.1728,25.543737,28.083174,11.631656,146373059,1,1988
3/1/88,28.1728,28.352055,24.916348,25.722992,10.76271,145776836,0,1988
4/1/88,25.693117,27.844168,25.244982,27.097275,11.337723,134590073,0,1988
5/1/88,27.157026,27.515535,25.693117,26.888145,11.250223,88020065,0,1988
6/1/88,27.007648,30.682362,26.708891,30.443356,12.862698,164296895,0,1988
7/1/88,30.532984,30.951242,28.680689,30.054972,12.698593,123514611,0,1988
8/1/88,30.114723,30.323853,26.380259,26.649139,11.259587,122257737,0,1988
9/1/88,26.559511,27.844168,26.171127,27.575287,11.753716,112250027,0,1988
10/1/88,27.515535,29.84584,26.947897,29.308079,12.492303,121625950,0,1988
11/1/88,29.36783,29.726337,27.276529,28.32218,12.072068,108412042,0,1988
12/1/88,28.292303,29.666588,28.11305,29.128824,12.528622,95586408,0,1988
1/1/89,29.128824,31.279877,28.830067,31.220123,13.428113,136718896,0,1989
2/1/89,31.010994,31.279877,28.830067,29.039198,12.490078,119658634,1,1989
3/1/89,29.188576,29.248327,25.722992,26.081501,11.31395,173174085,0,1989
4/1/89,26.111378,27.664913,25.39436,27.276529,11.832348,116661219,0,1989
5/1/89,27.007648,27.186901,25.693117,26.201004,11.365787,143379821,0,1989
6/1/89,26.171127,27.515535,25.693117,26.738768,11.726323,151590922,0,1989
7/1/89,26.888145,27.903919,26.44001,27.485661,12.053873,111036664,0,1989
8/1/89,27.605164,28.531309,26.888145,27.993547,12.276608,155272842,0,1989
9/1/89,27.933796,28.381931,25.752869,26.111378,11.574024,134225231,0,1989
10/1/89,26.141253,26.230881,23.36281,23.960325,10.620556,177850542,0,1989
11/1/89,23.960325,24.079828,22.944551,23.332935,10.342464,127937934,0,1989
12/1/89,23.332935,24.348709,22.317162,22.496414,10.093803,135569551,0,1989
1/1/90,22.645794,24.288958,22.586042,23.571941,10.57638,163578921,0,1990
2/1/90,23.571941,25.215105,23.303059,24.826721,11.139381,140005846,1,1990
3/1/90,24.796844,26.141253,24.707218,25.364485,11.52239,134221046,0,1990
4/1/90,25.125479,26.589388,25.095602,26.051624,11.834534,115173387,0,1990
5/1/90,26.171127,29.188576,25.782743,28.680689,13.028851,156106293,0,1990
6/1/90,28.800192,29.218451,27.784416,28.083174,12.900291,123442227,0,1990
7/1/90,28.083174,29.427582,26.410133,26.649139,12.241553,125712881,0,1990
8/1/90,26.738768,26.858271,23.064054,24.348709,11.184832,173195425,0,1990
9/1/90,24.13958,26.111378,24.079828,25.424234,11.811056,123242649,0,1990
10/1/90,25.603489,26.380259,23.004301,25.215105,11.713902,168569592,0,1990
11/1/90,25.185228,27.515535,25.065727,27.157026,12.616041,147399812,0,1990
12/1/90,27.366158,27.724665,26.44001,27.007648,12.688313,115651618,0,1990
1/1/91,26.977772,30.383604,25.215105,30.293978,14.232246,182970086,0,1991
2/1/91,30.234226,33.401051,30.025097,30.77199,14.456817,167953290,1,1991
3/1/91,30.652487,32.265774,26.529636,27.216778,12.909674,186445315,0,1991
4/1/91,27.216778,27.425907,24.408461,24.617592,11.676807,171573706,0,1991
5/1/91,24.498089,25.454111,24.020077,25.364485,12.03108,151031520,0,1991
6/1/91,25.334608,25.66324,23.093929,23.213432,11.140873,150469191,0,1991
7/1/91,23.332935,24.617592,22.854923,24.199331,11.614031,120820530,0,1991
8/1/91,24.13958,24.318834,21.988527,23.153681,11.112187,133342824,0,1991
9/1/91,23.36281,25.424234,23.332935,24.76697,12.030593,122561910,0,1991
10/1/91,24.76697,25.035851,23.123804,23.482313,11.406572,127522462,0,1991
11/1/91,23.51219,24.229206,22.078156,22.10803,10.739005,121651892,0,1991
12/1/91,21.779398,22.078156,19.95698,21.271511,10.461333,195371041,0,1991
1/1/92,21.271511,23.452438,21.241634,21.510515,10.578883,155472002,0,1992
2/1/92,21.510515,22.287285,20.703873,20.763622,10.211556,114557919,1,1992
3/1/92,20.763622,21.570269,19.867352,19.95698,9.946752,140382404,0,1992
4/1/92,19.95698,21.689772,19.508842,21.689772,10.810384,161236715,0,1992
5/1/92,21.809273,22.556166,21.540392,21.689772,10.810384,118213064,0,1992
6/1/92,21.630018,23.571941,21.092257,23.392687,11.812204,153107621,0,1992
7/1/92,23.392687,23.990202,22.078156,22.645794,11.435055,150195557,0,1992
8/1/92,22.586042,22.765297,20.315489,20.703873,10.454484,126859717,0,1992
9/1/92,20.703873,21.21176,19.120459,19.299713,9.875867,140461064,0,1992
10/1/92,19.359465,19.389339,15.535373,15.983509,8.178938,270542461,0,1992
11/1/92,16.013384,16.700525,14.549474,16.312141,8.347097,204717679,0,1992
12/1/92,16.342016,16.461519,11.65153,12.039914,6.272148,410813991,0,1992
1/1/93,12.368547,12.727055,10.964388,12.308795,6.412224,325500557,0,1993
2/1/93,12.428298,13.11544,11.65153,12.995937,6.77019,204840272,1,1993
3/1/93,13.085564,13.653203,11.920411,12.159417,6.402026,218766298,0,1993
4/1/93,12.308795,12.69718,11.322897,11.621654,6.11889,172479122,0,1993
5/1/93,11.741157,12.90631,11.263145,12.607553,6.637971,158242227,0,1993
6/1/93,12.727055,12.995937,11.591778,11.800908,6.281974,152634831,0,1993
7/1/93,11.86066,11.890535,9.829111,10.635755,5.661727,215674321,0,1993
8/1/93,10.60588,10.964388,9.709608,10.934512,5.820763,147186424,0,1993
9/1/93,10.934512,11.083891,9.858987,10.038241,5.373927,150326936,0,1993
10/1/93,10.068117,11.143642,10.068117,10.994264,5.885728,190530156,0,1993
11/1/93,10.994264,13.414197,10.934512,12.876434,6.893344,282699492,0,1993
12/1/93,13.085564,14.310468,12.607553,13.503824,7.264998,205967442,0,1993
1/1/94,13.593451,14.340344,13.085564,13.503824,7.264998,223920984,0,1994
2/1/94,13.593451,13.712954,12.428298,12.637428,6.798881,155670743,1,1994
3/1/94,12.637428,14.071463,12.27892,13.055688,7.055545,258291710,0,1994
4/1/94,12.667304,14.220841,12.27892,13.74283,7.426886,223415557,0,1994
5/1/94,13.74283,15.326243,13.444073,15.057361,8.137289,200651248,0,1994
6/1/94,15.057361,15.535373,13.892208,14.041587,7.621336,188104271,0,1994
7/1/94,14.101338,15.087237,13.025813,14.78848,8.026726,230346774,0,1994
8/1/94,14.78848,16.760277,14.698853,16.371893,8.886149,252614021,0,1994
9/1/94,15.983509,17.059034,15.923757,16.640774,9.068077,191148968,0,1994
10/1/94,16.581022,18.254063,16.10301,17.805927,9.703009,227622570,0,1994
11/1/94,17.776052,17.985182,16.25239,16.909657,9.214598,192438477,0,1994
12/1/94,16.87978,17.835802,16.461519,17.566921,9.605436,169485889,0,1994
1/1/95,17.566921,18.642447,16.790154,17.238289,9.42574,219658327,0,1995
2/1/95,17.29804,18.224188,17.268164,17.985182,9.834132,147221571,1,1995
3/1/95,17.955305,20.345364,17.955305,19.628345,10.768681,267551738,0,1995
4/1/95,19.658222,23.153681,19.658222,22.615917,12.407749,234062582,0,1995
5/1/95,22.436663,23.392687,21.869024,22.227533,12.194674,271908956,0,1995
6/1/95,22.347036,23.751196,21.122131,22.944551,12.62152,280051439,0,1995
7/1/95,23.004301,26.589388,22.884798,26.021749,14.314258,316594912,0,1995
8/1/95,26.081501,27.396032,23.571941,24.707218,13.591155,293325177,0,1995
9/1/95,24.557838,24.976099,21.898901,22.586042,12.452908,407069728,0,1995
10/1/95,22.705545,23.721319,21.301386,23.243307,12.815293,346342316,0,1995
11/1/95,23.243307,24.468212,22.227533,23.093929,12.732932,232858846,0,1995
12/1/95,23.183556,23.243307,20.972754,21.839149,12.071664,249290255,0,1995
1/1/96,21.839149,26.260756,19.867352,25.932121,14.334069,455848056,0,1996
2/1/96,25.991875,30.801865,25.842495,29.308079,16.200151,357205654,1,1996
3/1/96,29.069073,29.99522,25.722992,26.589388,14.729465,346664902,0,1996
4/1/96,26.798517,28.889818,24.707218,25.752869,14.266071,386413738,0,1996
5/1/96,25.752869,26.888145,24.76697,25.513863,14.133665,235853336,0,1996
6/1/96,25.424234,25.483988,22.974426,23.661568,13.151049,243032242,0,1996
7/1/96,23.721319,26.021749,21.301386,25.693117,14.280185,316166052,0,1996
8/1/96,25.81262,27.664913,25.633366,27.336281,15.193438,196578965,0,1996
9/1/96,27.0674,30.562859,26.903084,29.756214,16.591404,223075399,0,1996
10/1/96,29.636711,32.355404,29.427582,30.831739,17.191095,247707446,0,1996
11/1/96,30.801865,38.420174,30.383604,38.091537,21.238995,303094816,0,1996
12/1/96,38.151291,39.674953,35.193596,36.20937,20.243944,282734636,0,1996
1/1/97,36.747131,40.660851,34.65583,37.494026,20.962179,434346897,0,1997
2/1/97,37.613529,37.613529,32.773663,34.357075,19.208363,323934904,1,1997
3/1/97,34.357075,35.791107,31.070745,32.803535,18.383072,291485892,0,1997
4/1/97,32.743786,38.5098,30.383604,38.36042,21.497137,341481762,0,1997
5/1/97,38.36042,43.917305,38.091537,41.347992,23.171358,285971796,0,1997
6/1/97,41.945507,44.813576,39.077438,43.140533,24.23448,175021742,0,1997
7/1/97,43.140533,51.83437,43.080784,50.549713,28.396627,218015061,0,1997
8/1/97,50.43021,52.312382,47.651768,48.458412,27.221823,162821826,0,1997
9/1/97,48.458412,51.356358,45.948853,50.669216,28.516624,178728763,0,1997
10/1/97,50.728966,51.266731,42.363766,47.084129,26.49894,240885431,0,1997
11/1/97,47.382889,52.551388,45.530594,52.342255,29.458225,154253618,0,1997
12/1/97,52.581261,54.254303,46.068356,50.011951,28.201628,197968889,0,1997
1/1/98,49.952198,51.804493,45.709846,47.203632,26.618019,215636037,0,1998
2/1/98,47.801147,50.609467,46.606117,49.922321,28.151068,148900193,1,1998
3/1/98,49.802818,50.997849,45.82935,49.653442,28.055807,168668124,0,1998
4/1/98,49.653442,57.361378,49.38456,55.38958,31.296911,184063156,0,1998
5/1/98,55.419456,61.812859,55.210323,56.166348,31.735817,158703722,0,1998
6/1/98,56.106598,57.361378,50.669216,54.881691,31.067959,171218483,0,1998
7/1/98,55.449329,66.025337,53.895794,63.336521,35.854153,181538948,0,1998
8/1/98,64.053535,64.471794,53.83604,53.83604,30.476025,195921450,0,1998
9/1/98,54.015297,65.09919,52.93977,61.424473,34.831272,200112769,0,1998
10/1/98,59.781311,71.612091,55.837715,70.984703,40.252472,259710712,0,1998
11/1/98,70.954826,81.53083,69.670174,78.931641,44.758854,144007840,0,1998
12/1/98,78.154877,90.792305,77.557358,88.133362,50.050694,148559616,0,1998
1/1/99,88.432121,95.24379,82.93499,87.595604,49.745308,258033559,0,1999
2/1/99,88.193115,88.193115,77.318359,81.142448,46.080551,212419797,1,1999
3/1/99,81.022942,88.880257,78.393883,84.727531,48.18037,241313874,0,1999
4/1/99,84.757408,102.891968,77.915871,99.994026,56.861713,279671531,0,1999
5/1/99,99.426384,117.59082,98.619743,110.898659,63.062645,222010571,0,1999
6/1/99,108.628105,126.19503,104.624763,123.565964,70.34549,137105811,0,1999
7/1/99,124.282982,133.066437,117.232315,120.160133,68.406593,138844366,0,1999
8/1/99,118.546844,123.924477,112.392448,119.08461,67.794235,134162053,0,1999
9/1/99,120.10038,131.632416,114.364243,115.67878,65.919533,155118140,0,1999
10/1/99,115.67878,117.829826,85.086044,93.929253,53.525562,319341809,0,1999
11/1/99,94.168259,105.043022,86.042068,98.530113,56.147381,225082463,0,1999
12/1/99,98.052101,116.754303,97.753349,103.130974,58.84742,165923111,0,1999
1/1/00,107.492828,119.263863,104.804016,107.313576,61.234062,183321540,0,2000
2/1/00,107.433075,114.483749,96.498566,98.231361,56.05167,139666521,1,2000
3/1/00,97.514343,122.60994,95.124283,113.169212,64.643341,203268134,0,2000
4/1/00,114.722755,122.370934,96.797325,106.596558,60.888935,176214181,0,2000
5/1/00,107.552582,108.628105,97.514343,102.593208,58.6022,129498146,0,2000
6/1/00,102.832214,116.933556,100.86042,104.744263,59.903111,142482251,0,2000
7/1/00,103.967499,112.631454,95.602295,107.313576,61.372471,157036395,0,2000
8/1/00,107.07457,128.346085,105.401527,126.209969,72.179321,127609906,0,2000
9/1/00,127.2108,129.003342,105.401527,107.672081,61.64642,112411947,0,2000
10/1/00,107.672081,114.364243,83.114243,94.168259,53.914951,233791458,0,2000
11/1/00,94.108505,99.784897,87.595604,89.388145,51.17815,136410847,0,2000
12/1/00,90.284416,100.143402,76.541588,81.261948,46.584774,175509074,0,2000
1/1/01,80.783936,111.615677,80.066925,107.07457,61.382309,208114878,0,2001
2/1/01,107.456978,113.422562,94.741875,95.506691,54.750816,163635088,1,2001
3/1/01,94.933075,103.632889,83.79541,91.950287,52.772133,266259300,0,2001
4/1/01,93.164436,112.858505,86.089867,110.076485,63.175117,236616603,0,2001
5/1/01,110.755257,114.627151,106.080307,106.883362,61.342518,166686584,0,2001
6/1/01,107.552582,113.766731,106.214149,108.508606,62.350605,149504465,0,2001
7/1/01,108.508606,110.32505,97.093689,100.583176,57.796535,168423156,0,2001
8/1/01,100.717018,105.248566,94.512428,95.554497,54.906975,149997969,0,2001
9/1/01,95.745697,98.594643,83.642448,87.686424,50.452374,198020876,0,2001
10/1/01,87.686424,107.170174,87.323135,103.317398,59.446014,234671667,0,2001
11/1/01,102.533463,111.854683,102.198853,110.506691,63.58252,141352568,0,2001
12/1/01,109.751434,119.216064,108.231361,115.640533,66.618477,139529912,0,2001
1/1/02,115.296364,120.831741,96.558319,103.145317,59.420208,202466792,0,2002
2/1/02,102.906311,104.493309,91.548759,93.80497,54.039383,180247765,1,2002
3/1/02,94.263863,104.063095,94.168259,99.426384,57.353306,158226850,0,2002
4/1/02,99.426384,99.426384,79.67495,80.076485,46.191479,257842453,0,2002
5/1/02,80.162521,82.686424,72.581261,76.912048,44.366108,180684368,0,2002
6/1/02,77.198853,77.39006,63.193115,68.833649,39.784145,199765814,0,2002
7/1/02,68.843208,70.936905,62.810707,67.304016,38.900059,257584716,0,2002
8/1/02,67.304016,79.206497,62.954109,72.06501,41.651794,173973126,0,2002
9/1/02,70.936905,74.091782,55.43977,55.745697,32.290997,194204963,0,2002
10/1/02,56.596558,76.281075,51.6348,75.468452,43.715466,298765110,0,2002
11/1/02,75.430206,84.235184,73.326958,83.097511,48.134621,192922252,0,2002
12/1/02,84.703636,85.52581,72.275337,74.091782,42.99699,158535421,0,2002
1/1/03,75.33461,85.038239,73.632889,74.760994,43.385353,202854441,0,2003
2/1/03,74.760994,76.52964,71.042068,74.521988,43.246666,152373642,1,2003
3/1/03,75.430206,81.166351,69.952202,74.980881,43.597603,200766311,0,2003
4/1/03,75.047798,82.686424,74.684509,81.166351,47.194149,186056518,0,2003
5/1/03,81.548759,86.424477,80.736137,84.168259,48.93961,156427206,0,2003
6/1/03,85.086044,85.162521,76.300194,78.871895,45.944038,192974761,0,2003
7/1/03,77.820267,83.202675,77.036331,77.676865,45.247921,160995717,0,2003
8/1/03,77.581261,80.994263,75.267685,78.403442,45.671158,119134378,0,2003
9/1/03,78.776291,89.359467,78.680687,84.445503,49.289505,179852483,0,2003
10/1/03,84.847038,90.382408,83.680687,85.54493,49.93121,163328087,0,2003
11/1/03,85.946465,87.456978,83.862335,86.558319,50.522724,102472540,0,2003
12/1/03,86.902489,89.980881,86.070747,88.60421,51.81057,121444365,0,2003
1/1/04,88.776291,95.458893,85.095604,94.866158,55.472187,145779452,0,2004
2/1/04,94.789673,96.013382,91.013382,92.25621,53.946045,102238026,1,2004
3/1/04,92.25621,93.307838,86.309753,87.801147,51.424206,130209950,0,2004
4/1/04,87.638626,90.391968,84.13958,84.292542,49.36924,115721072,0,2004
5/1/04,84.254303,85.803062,81.376671,84.694077,49.604427,109523838,0,2004
6/1/04,84.13002,87.198853,83.4608,84.273422,49.45813,96199154,0,2004
7/1/04,84.397705,84.550667,79.751434,83.240921,48.852154,126567046,0,2004
8/1/04,83.049713,83.546844,78.298279,80.965584,47.516834,95363504,0,2004
9/1/04,80.353729,83.441681,79.579353,81.969406,48.207806,98225988,0,2004
10/1/04,82.170174,86.300194,80.583176,85.803062,50.462471,123549440,0,2004
11/1/04,85.401527,92.380501,85.305923,90.095604,52.986992,120271278,0,2004
12/1/04,90.34417,94.646271,90.315491,94.244743,55.534351,113146239,0,2004
1/1/05,94.617592,94.741875,87.418739,89.311661,52.627499,119724114,0,2005
2/1/05,89.550667,90.793503,87.523903,88.508606,52.154274,83374255,1,2005
3/1/05,88.565964,89.608032,85.172081,87.361374,51.576485,111027879,0,2005
4/1/05,87.466537,87.724663,68.690247,73.021034,43.110214,226715790,0,2005
5/1/05,73.499046,74.67495,69.311661,72.227531,42.64175,144783136,0,2005
6/1/05,72.246651,74.311661,70.219887,70.936905,41.991024,141777772,0,2005
7/1/05,71.032501,81.367111,70.898659,79.789673,47.231403,164014369,0,2005
8/1/05,79.349907,80.497131,76.357552,77.07457,45.624214,109862531,0,2005
9/1/05,76.634796,78.499046,73.546844,76.692162,45.507027,121002745,0,2005
10/1/05,76.692162,80.879539,75.239006,78.27916,46.448696,146316365,0,2005
11/1/05,78.250481,85.984703,77.093689,84.99044,50.430992,115755068,0,2005
12/1/05,85.229446,85.965584,77.973228,78.585083,46.742039,125574811,0,2005
1/1/06,78.824089,81.290634,76.682602,77.724663,46.230274,153230215,0,2006
2/1/06,77.342255,78.623329,75.458893,76.711281,45.627522,116160600,1,2006
3/1/06,76.673042,81.252388,76.013382,78.843208,47.013325,116644586,0,2006
4/1/06,79.082214,80.736137,77.084129,78.718925,46.939213,119251322,0,2006
5/1/06,78.957932,80.00956,75.583176,76.38623,45.548252,118351239,0,2006
6/1/06,76.376671,77.313576,72.715103,73.441681,43.950775,145872860,0,2006
7/1/06,74.13002,75.076485,69.531548,74.005737,44.288334,143498963,0,2006
8/1/06,73.27916,78.087952,71.749519,77.40918,46.325115,105520791,0,2006
9/1/06,77.562141,80.105164,75.822182,78.336517,47.067047,107503803,0,2006
10/1/06,78.164436,88.60421,77.973228,88.2696,53.035145,178204197,0,2006
11/1/06,88.432121,89.913956,86.453156,87.877632,52.799648,109233781,0,2006
12/1/06,87.858505,93.575523,86.567879,92.877632,55.984894,109275829,0,2006
1/1/07,92.906311,96.462715,90.391968,94.789673,57.13744,201566293,0,2007
2/1/07,94.617592,96.022942,88.403442,88.852776,53.558781,131561906,1,2007
3/1/07,86.281075,91.596558,84.866158,90.114723,54.483135,170701447,0,2007
4/1/07,90.353729,98.47036,89.780113,97.715103,59.07832,174480331,0,2007
5/1/07,97.571701,103.298279,96.892921,101.912048,61.615795,153177706,0,2007
6/1/07,101.931168,102.523903,97.093689,100.621414,61.072254,177403692,0,2007
7/1/07,100.755257,113.594643,99.980881,105.783936,64.205673,222544450,0,2007
8/1/07,105.53537,112.189293,99.13958,111.558319,67.710457,212203590,0,2007
9/1/07,111.223709,113.661568,109.273422,112.619499,68.596245,138316553,0,2007
10/1/07,112.437859,116.118546,106.080307,111.013382,67.61792,179565774,0,2007
11/1/07,110.420647,110.984703,94.904396,100.554497,61.247452,210162947,0,2007
12/1/07,100.908218,107.25621,99.426384,103.346077,63.171055,140322574,0,2007
1/1/08,104.196938,104.196938,92.772469,102.39962,62.592548,258909998,0,2008
2/1/08,102.447418,111.500954,96.175911,108.852776,66.537071,176021717,1,2008
3/1/08,108.852776,114.521988,106.883362,110.076485,67.542328,187531272,0,2008
4/1/08,110.133842,119.502869,108.852776,115.391968,70.803864,200923212,0,2008
5/1/08,115.736137,124.273422,115.468452,123.738052,75.925018,166855304,0,2008
6/1/08,122.839386,123.680687,112.954109,113.317398,69.81517,159334564,0,2008
7/1/08,112.332695,125.172081,111.472275,122.351814,75.381302,210116820,0,2008
8/1/08,122.868073,124.254303,116.156792,116.376671,71.699974,143332124,0,2008
9/1/08,117.466537,118.546844,105.114723,111.816444,69.158745,228458639,0,2008
10/1/08,110.430206,111.663483,75.353729,88.881454,54.973415,329460712,0,2008
11/1/08,88.565964,90.592735,66.443596,78.011475,48.250282,228355399,0,2008
12/1/08,77.39006,83.432121,71.998085,80.458893,50.042233,197533020,0,2008
1/1/09,80.200768,90.764816,78.164436,87.619499,54.495861,218571533,0,2009
2/1/09,86.615677,92.829826,79.206497,87.982796,54.721806,233276408,1,2009
3/1/09,87.160614,95.468452,79.369026,92.629066,57.924995,299275766,0,2009
4/1/09,91.902489,101.38623,91.491394,98.671127,61.703377,223449759,0,2009
5/1/09,99.216064,102.122368,95.439774,101.606117,63.53875,160126596,0,2009
6/1/09,102.237091,105.774376,98.957932,99.827919,62.752827,167885197,0,2009
7/1/09,100.382408,114.120461,95.124283,112.74379,70.871872,184275283,0,2009
8/1/09,113.652008,115.564056,111.013382,112.858505,70.944008,117654287,0,2009
9/1/09,112.495216,117.476097,110.086044,114.349907,72.216782,137572223,0,2009
10/1/09,114.13958,122.954109,112.103249,115.305923,72.820534,191973530,0,2009
11/1/09,115.458893,123.2696,114.244743,120.793503,76.286163,115842617,0,2009
12/1/09,121.692162,127.007645,120.458893,125.143402,79.388031,130201791,0,2009
1/1/10,125.411087,128.346085,116.5392,117.007645,74.226898,163291687,0,2010
2/1/10,117.810707,122.629066,116.261948,121.567879,77.119774,118418914,1,2010
3/1/10,121.892921,124.980881,119.694077,122.60994,78.128716,146437175,0,2010
4/1/10,123.27916,126.462715,121.52964,123.326958,78.585617,153162014,0,2010
5/1/10,123.699806,127.246651,110.898659,119.751434,76.307251,197112633,0,2010
6/1/10,119.206497,126.137665,117.418739,118.049713,75.608467,169471977,0,2010
7/1/10,118.116638,125.812622,115.305923,122.753349,78.621048,150707679,0,2010
8/1/10,123.565964,126.663483,116.902489,117.715103,75.39415,122794123,0,2010
9/1/10,119.799232,130.124283,119.043976,128.240921,82.542694,121433172,0,2010
10/1/10,129.550674,137.667297,128.479919,137.284897,88.363899,143599798,0,2010
11/1/10,137.323135,141.042068,134.971313,135.238998,87.04702,108885149,0,2010
12/1/10,137.294449,141.013382,137.198853,140.305923,90.709694,97688872,0,2010
1/1/11,140.736145,157.122375,140.191208,154.875717,100.129257,124297854,0,2011
2/1/11,154.980881,158.938812,152.036331,154.761002,100.055122,93164606,1,2011
3/1/11,155.975143,160.344162,145.038239,155.898666,101.189705,135681159,0,2011
4/1/11,156.500961,165.391968,155.057358,163.0784,105.849831,105404897,0,2011
5/1/11,164.541107,165.908218,158.604202,161.500961,104.826004,115901193,0,2011
6/1/11,161.472275,164.86615,154.416824,164.005737,106.927818,110292753,0,2011
7/1/11,164.063095,177.466537,163.94838,173.852768,113.347893,118818489,0,2011
8/1/11,174.569794,175.611862,150.219879,164.349899,107.152184,204026589,0,2011
9/1/11,165.114716,172.954117,151.778198,167.179733,109.471855,144238171,0,2011
10/1/11,166.692154,182.151047,161.453156,176.510513,115.581764,151213631,0,2011
11/1/11,173.565964,181.615677,169.273422,179.732315,117.691475,101476752,0,2011
12/1/11,178.785858,186.328873,171.166351,175.793503,115.574997,108194577,0,2011
1/1/12,178.518158,184.608032,169.550674,184.13002,121.055817,115075689,0,2012
2/1/12,184.713196,190.468445,182.437866,188.0784,123.651688,82435156,1,2012
3/1/12,188.556412,199.923523,188.154877,199.474182,131.654526,92149356,0,2012
4/1/12,199.770554,201.424469,188.135757,197.973236,130.663849,90586736,0,2012
5/1/12,198.068832,199.741867,183.556412,184.416824,121.716492,89961544,0,2012
6/1/12,181.759079,191.195023,178.776291,186.978973,123.92453,88448819,0,2012
7/1/12,187.72467,189.139572,173.852768,187.361374,124.178001,95726259,0,2012
8/1/12,188.298279,193.116638,184.531555,186.281067,123.461998,63443772,0,2012
9/1/12,187.963669,199.158707,184.751434,198.326965,132.006897,80899106,0,2012
10/1/12,198.862335,202.476105,182.179733,185.975143,123.7855,100578129,0,2012
11/1/12,186.118546,189.292542,176.653915,181.711288,120.947472,85659554,0,2012
12/1/12,182.370941,187.810699,178.718933,183.12619,122.422668,82968929,0,2012
1/1/13,185.554489,199.407272,182.017212,194.139572,129.785294,91667883,0,2013
2/1/13,195.650101,196.319305,188.824097,191.998093,128.353683,67094728,1,2013
3/1/13,191.826004,206.40535,190.592728,203.919693,136.897232,79520894,0,2013
4/1/13,203.441681,205.439774,179.426392,193.632889,129.99147,113665263,0,2013
5/1/13,192.992355,202.657745,190.439774,198.871887,133.508499,94855046,0,2013
6/1/13,199.091782,200.812622,180.124283,182.705551,123.230507,83904889,0,2013
7/1/13,183.699814,192.103256,181.892929,186.462708,125.764633,92131051,0,2013
8/1/13,188.001907,188.499039,173.135757,174.254303,117.530304,76438958,0,2013
9/1/13,175.554489,186.319305,174.292542,177.036331,120.003677,74776552,0,2013
10/1/13,177.189301,178.766724,164.980881,171.328873,116.134895,136991588,0,2013
11/1/13,171.902481,178.049713,169.512421,171.778198,116.439453,105630205,0,2013
12/1/13,171.567871,179.531555,165.13385,179.321228,122.205276,102500782,0,2013
1/1/14,178.977051,182.418732,167.629059,168.910141,115.110214,129169808,0,2014
2/1/14,168.27916,177.934998,164.617584,177.026764,120.641602,91059320,1,2014
3/1/14,175.267685,187.026764,174.196945,184.024857,126.098213,124457264,0,2014
4/1/14,184.627151,190.449326,178.785858,187.829834,128.705475,123889498,0,2014
5/1/14,187.676865,188.087952,174.311661,176.252396,120.772354,73239141,0,2014
6/1/14,176.634796,179.397705,171.38623,173.298279,119.439468,82112778,0,2014
7/1/14,173.709366,187.762909,173.709366,183.240921,126.292084,102087299,0,2014
8/1/14,182.122375,185.592728,175.506699,183.843216,126.707207,55912990,0,2014
9/1/14,184.206497,186.424469,179.847031,181.481842,125.819443,67131862,0,2014
10/1/14,181.558319,182.495224,154.015289,157.170166,108.964401,152983045,0,2014
11/1/14,157.026764,157.715103,152.772461,155.038239,107.486389,83696316,0,2014
12/1/14,154.531555,157.284897,143.881454,153.384323,107.067535,106256131,0,2014
1/1/15,154.216064,156.128113,142.94455,146.567871,102.309387,122813059,0,2015
2/1/15,147.227539,157.734222,144.847031,154.818359,108.068535,81229117,1,2015
3/1/15,154.818359,158.0784,146.653915,153.441681,107.858917,109737428,0,2015
4/1/15,153.183563,167.428299,151.424469,163.757172,115.110008,98152560,0,2015
5/1/15,165.583176,168.546844,161.414917,162.189301,114.007912,60593422,0,2015
6/1/15,162.72467,164.015289,154.990433,155.506699,110.137718,84566694,0,2015
7/1/15,156.759079,166.137665,151.529633,154.86615,109.684059,98171910,0,2015
8/1/15,154.588913,154.732315,134.435944,141.38623,100.136909,98039489,0,2015
9/1/15,138.537292,143.097519,134.942642,138.59465,98.974602,85576713,0,2015
10/1/15,138.919693,146.414917,131.290634,133.919693,95.636101,126017790,0,2015
11/1/15,134.321228,136.520081,125.86042,133.288712,95.185471,89367101,0,2015
12/1/15,133.441681,135.181641,128.021027,131.567871,94.837891,102174117,0,2015
1/1/16,129.636703,130.86998,112.810707,119.302101,85.996384,132039823,0,2016
2/1/16,118.929253,128.986618,111.759079,125.267685,90.296562,111624727,1,2016
3/1/16,126.424477,146.367111,126.223709,144.789673,105.434662,110611048,0,2016
4/1/16,143.891006,146.768646,136.338425,139.521988,101.598778,98828695,0,2016
5/1/16,140.114716,147.045883,136.615677,146.978973,107.028885,78710456,0,2016
6/1/16,146.271515,148.642441,136.233276,145.105164,106.684105,80514490,0,2016
7/1/16,145.105164,156.40535,143.326965,153.556412,112.897614,72618550,0,2016
8/1/16,153.585083,157.695984,150.908218,151.892929,111.674606,72912999,0,2016
9/1/16,151.357559,157.74379,146.472275,151.864243,112.617821,73154103,0,2016
10/1/16,151.108994,151.558319,141.290634,146.931168,108.95961,81930251,0,2016
11/1/16,146.749527,157.418732,144.359467,155.086044,115.006966,79850384,0,2016
12/1/16,154.827911,162.476105,151.338425,158.690247,118.747368,72666039,0,2016
1/1/17,159.655838,171.367111,158.068832,166.845123,124.849609,92847665,0,2017
2/1/17,167.304016,174.751434,165.286804,171.912048,128.641205,62572348,1,2017
3/1/17,172.543015,174.521988,164.521988,166.481842,125.562813,83132942,0,2017
4/1/17,166.175903,168.575531,152.581268,153.240921,115.57634,104654705,0,2017
5/1/17,153.011475,153.365204,143.202682,145.917786,110.053123,108082238,0,2017
6/1/17,146.080307,150.286804,144.168259,147.065002,112.001907,87839942,0,2017
7/1/17,146.826004,149.168259,137.323135,138.307846,105.332649,97585001,0,2017
8/1/17,138.623322,139.263855,133.011475,136.73996,104.138573,83937837,0,2017
9/1/17,136.692154,140.936905,135.411087,138.699814,106.747185,81898348,0,2017
10/1/17,138.957932,155.363297,138.824097,147.284897,113.354507,131111497,0,2017
11/1/17,147.323135,148.087952,139.780121,147.198853,113.288292,93905278,0,2017
12/1/17,147.60994,150.908218,144.827911,146.673035,114.011879,92872353,0,2017
1/1/18,147.705551,163.604202,146.787766,156.500961,121.651344,151760375,0,2018
2/1/18,156.013382,156.912048,138.049713,148.977051,115.802864,107073687,1,2018
3/1/18,148.690247,154.980881,142.007645,146.682602,115.141937,98655478,0,2018
4/1/18,146.596558,154.875717,137.772461,138.585083,108.785599,128391583,0,2018
5/1/18,138.288712,139.770554,133.747604,135.095596,106.046455,92898293,0,2018
6/1/18,136.166351,141.032501,131.40535,133.556412,106.002045,93932265,0,2018
7/1/18,132.198853,143.919693,132.122375,138.556412,109.970482,99321884,0,2018
8/1/18,138.393875,141.424469,135.755264,140.038239,111.146606,82838075,0,2018
9/1/18,139.560226,146.606125,138.441681,144.560226,115.97522,100277823,0,2018
10/1/18,145.038239,147.571701,109.072655,110.353729,88.532623,207205277,0,2018
11/1/18,110.420647,119.560226,109.502869,118.80497,95.312729,148237970,0,2018
12/1/18,120.143402,121.022942,101.281075,108.671127,88.293129,120921889,0,2018
1/1/19,107.084129,129.455063,106.778206,128.508606,104.410667,125924904,0,2019
2/1/19,129.034424,134.311661,126.309753,132.05545,107.292412,71610414,1,2019
3/1/19,133.183563,135.86998,127.705544,134.894836,110.876328,78122915,0,2019
4/1/19,135.286804,138.99617,130.267685,134.101334,110.224113,83886585,0,2019
5/1/19,134.369019,135.573608,121.271507,121.405357,99.788712,79011074,0,2019
6/1/19,121.510513,133.986618,121.472275,131.835571,109.648949,64163313,0,2019
7/1/19,133.4608,145.258133,133.011475,141.72084,117.870605,83848718,0,2019
8/1/19,142.351822,146.223709,123.164436,129.569794,107.764481,100678127,0,2019
9/1/19,128.919693,140.124283,127.466537,139.024857,116.990768,64655351,0,2019
10/1/19,139.187378,140.86998,125.143402,127.848946,107.586143,95625532,0,2019
11/1/19,128.585083,133.021027,126.912048,128.537292,108.16539,67751825,0,2019
12/1/19,128.537292,130.420654,124.942642,128.145309,109.109169,75159179,0,2019
1/1/20,129.063095,139.378586,127.342255,137.40918,116.996887,118459187,0,2020
2/1/20,137.906311,151.768646,120.803062,124.426384,105.942703,123581342,1,2020
3/1/20,125,130.114716,86.577438,106.051628,91.24044,198819809,0,2020
4/1/20,101.682602,123.623329,99.923515,120.038239,103.273674,136705925,0,2020
5/1/20,117.772469,121.38623,106.892921,119.407265,102.73082,97154572,0,2020
6/1/20,119.158699,129.904404,110.783936,115.458893,100.666061,126567676,0,2020
7/1/20,114.980881,126.357552,110.133842,117.533463,102.474831,119434686,0,2020
8/1/20,118.068832,124.732315,116.778206,117.887192,102.783241,77439042,0,2020
9/1/20,117.447418,124.235184,111.357552,116.319313,102.744133,88369845,0,2020
10/1/20,116.978966,129.541107,101.261948,106.749519,94.291183,166434813,0,2020
11/1/20,107.695984,119.799232,106.271507,118.087952,104.306358,108438088,0,2020
12/1/20,118.451241,122.07457,116.367111,120.34417,107.840652,107553067,0,2020
1/1/21,120.315491,126.424477,112.198853,113.871895,102.040833,183999975,0,2021
2/1/21,114.627151,118.881454,112.92543,113.699806,101.886627,111617824,1,2021
3/1/21,115.057358,131.042068,113.537285,127.39962,115.688606,133852331,0,2021
4/1/21,127.877632,142.198853,124.646271,135.640533,123.171989,128573588,0,2021
5/1/21,137.485657,141.978973,134.722748,137.418732,124.786728,102542414,0,2021
6/1/21,138.623322,146.118546,136.749527,140.143402,128.682877,88332817,0,2021
7/1/21,140.497131,141.013382,130.219879,134.761002,123.740616,115710194,0,2021
8/1/21,135.229446,138.336517,131.175903,134.168259,123.196327,72891244,0,2021
9/1/21,133.824097,134.388138,126.940727,132.820267,123.362663,80160627,0,2021
10/1/21,134.79924,139.579346,119.13958,119.598473,111.082344,150725359,0,2021
11/1/21,119.550667,124.779999,114.559998,117.099998,108.761772,120104799,0,2021
12/1/21,118.25,134.990005,116.559998,133.660004,125.799187,113968900,0,2021
1/1/22,134.070007,142.199997,124.190002,133.570007,125.714493,146976800,0,2022
2/1/22,133.759995,138.820007,118.809998,122.510002,115.304939,98534100,1,2022
3/1/22,122.669998,133.080002,120.699997,130.020004,123.847321,96571700,0,2022
4/1/22,129.660004,141.880005,124.910004,132.210007,125.93335,107684000,0,2022
5/1/22,133,139.830002,125.800003,138.839996,132.248566,113226200,0,2022
6/1/22,139.669998,144.729996,132.850006,141.190002,136.118423,105811300,0,2022
7/1/22,141,141.869995,125.129997,130.789993,126.091988,129791800,0,2022
8/1/22,130.75,139.339996,128.399994,128.449997,123.836037,77419800,0,2022
9/1/22,128.399994,130.990005,118.610001,118.809998,115.985466,87265100,0,2022
10/1/22,120.160004,138.860001,115.550003,138.289993,135.00235,113478200,0,2022
11/1/22,138.25,150.460007,133.970001,148.899994,145.360107,93661300,0,2022
12/1/22,149.979996,153.210007,137.199997,140.889999,139.18042,86424100,0,2022
1/1/23,141.100006,147.179993,132.979996,134.729996,133.095169,105575000,0,2023
2/1/23,134.490005,137.389999,128.860001,129.300003,127.731056,76080200,1,2023
3/1/23,128.899994,130.860001,121.709999,125.940002,125.940002,101576200,0,2023